date_folder,category,filename,fps
live_output_10_1,enter,20251001_125855_id3_enter.mp4,12.0
live_output_10_1,enter,20251001_125917_id6_enter.mp4,13.0
live_output_10_1,enter,20251001_125947_id7_enter.mp4,12.0
live_output_10_1,enter,20251001_130022_id8_enter.mp4,13.0
live_output_10_1,enter,20251001_130119_id13_enter.mp4,13.0
live_output_10_1,enter,20251001_130147_id17_enter.mp4,12.0
live_output_10_1,enter,20251001_130148_id18_enter.mp4,13.0
live_output_10_1,enter,20251001_130218_id25_enter.mp4,11.0
live_output_10_1,enter,20251001_130219_id26_enter.mp4,10.0
live_output_10_1,enter,20251001_130602_id34_enter.mp4,12.0
live_output_10_1,enter,20251001_130801_id46_enter.mp4,12.0
live_output_10_1,enter,20251001_130805_id48_enter.mp4,10.0
live_output_10_1,enter,20251001_130812_id49_enter.mp4,11.0
live_output_10_1,enter,20251001_130921_id50_enter.mp4,10.0
live_output_10_1,enter,20251001_130950_id68_enter.mp4,10.0
live_output_10_1,enter,20251001_131111_id81_enter.mp4,10.0
live_output_10_1,enter,20251001_131401_id100_enter.mp4,10.0
live_output_10_1,enter,20251001_131417_id105_enter.mp4,10.0
live_output_10_1,enter,20251001_131420_id107_enter.mp4,10.0
live_output_10_1,enter,20251001_131450_id108_enter.mp4,10.0
live_output_10_1,enter,20251001_133356_id147_enter.mp4,13.0
live_output_10_1,enter,20251001_135812_id150_enter.mp4,13.0
live_output_10_1,enter,20251001_135840_id154_enter.mp4,13.0
live_output_10_1,enter,20251001_135923_id162_enter.mp4,13.0
live_output_10_1,pass,20251001_125847_id2_pass.mp4,13.0
live_output_10_1,pass,20251001_130112_id11_pass.mp4,13.0
live_output_10_1,pass,20251001_130123_id14_pass.mp4,11.0
live_output_10_1,pass,20251001_130155_id22_pass.mp4,10.0
live_output_10_1,pass,20251001_130551_id31_pass.mp4,12.0
live_output_10_1,pass,20251001_130610_id36_pass.mp4,13.0
live_output_10_1,pass,20251001_130611_id38_pass.mp4,13.0
live_output_10_1,pass,20251001_130617_id44_pass.mp4,12.0
live_output_10_1,pass,20251001_130802_id47_pass.mp4,12.0
live_output_10_1,pass,20251001_130943_id63_pass.mp4,10.0
live_output_10_1,pass,20251001_131203_id85_pass.mp4,12.0
live_output_10_1,pass,20251001_131220_id86_pass.mp4,12.0
live_output_10_1,pass,20251001_131225_id92_pass.mp4,11.0
live_output_10_1,pass,20251001_131352_id97_pass.mp4,10.0
live_output_10_1,pass,20251001_131353_id100_pass.mp4,10.0
live_output_10_1,pass,20251001_131453_id113_pass.mp4,9.0
live_output_10_1,pass,20251001_131601_id117_pass.mp4,11.0
live_output_10_1,pass,20251001_131601_id119_pass.mp4,11.0
live_output_10_1,pass,20251001_131643_id125_pass.mp4,13.0
live_output_10_1,pass,20251001_132457_id126_pass.mp4,12.0
live_output_10_1,pass,20251001_132544_id129_pass.mp4,13.0
live_output_10_1,pass,20251001_132544_id130_pass.mp4,13.0
live_output_10_1,pass,20251001_132603_id132_pass.mp4,13.0
live_output_10_1,pass,20251001_132916_id135_pass.mp4,13.0
live_output_10_1,pass,20251001_133139_id140_pass.mp4,13.0
live_output_10_1,pass,20251001_133300_id142_pass.mp4,13.0
live_output_10_1,pass,20251001_133303_id144_pass.mp4,10.0
live_output_10_1,pass,20251001_133823_id149_pass.mp4,12.0
live_output_10_1,pass,20251001_135826_id153_pass.mp4,13.0
live_output_10_1,pass,20251001_135914_id156_pass.mp4,13.0
live_output_10_10,enter,20251010_120204_id3_enter.mp4,13.0
live_output_10_10,enter,20251010_120405_id11_enter.mp4,12.0
live_output_10_10,enter,20251010_120517_id29_enter.mp4,13.0
live_output_10_10,enter,20251010_122802_id44_enter.mp4,13.0
live_output_10_10,enter,20251010_122840_id45_enter.mp4,13.0
live_output_10_10,enter,20251010_130415_id89_enter.mp4,11.0
live_output_10_10,enter,20251010_130415_id90_enter.mp4,10.0
live_output_10_10,enter,20251010_130441_id91_enter.mp4,12.0
live_output_10_10,enter,20251010_130448_id97_enter.mp4,11.0
live_output_10_10,enter,20251010_130523_id102_enter.mp4,13.0
live_output_10_10,enter,20251010_130523_id99_enter.mp4,13.0
live_output_10_10,enter,20251010_130557_id103_enter.mp4,13.0
live_output_10_10,enter,20251010_130557_id104_enter.mp4,13.0
live_output_10_10,enter,20251010_130557_id105_enter.mp4,13.0
live_output_10_10,enter,20251010_130603_id105_enter.mp4,11.0
live_output_10_10,enter,20251010_130608_id105_enter.mp4,10.0
live_output_10_10,enter,20251010_130611_id103_enter.mp4,10.0
live_output_10_10,enter,20251010_130612_id103_enter.mp4,10.0
live_output_10_10,enter,20251010_130638_id113_enter.mp4,13.0
live_output_10_10,enter,20251010_130716_id114_enter.mp4,12.0
live_output_10_10,enter,20251010_130728_id119_enter.mp4,11.0
live_output_10_10,enter,20251010_130734_id120_enter.mp4,13.0
live_output_10_10,enter,20251010_130741_id120_enter.mp4,11.0
live_output_10_10,enter,20251010_130745_id125_enter.mp4,11.0
live_output_10_10,enter,20251010_130752_id126_enter.mp4,12.0
live_output_10_10,enter,20251010_130759_id132_enter.mp4,11.0
live_output_10_10,enter,20251010_130810_id137_enter.mp4,11.0
live_output_10_10,enter,20251010_130819_id126_enter.mp4,13.0
live_output_10_10,enter,20251010_130819_id138_enter.mp4,13.0
live_output_10_10,enter,20251010_130822_id139_enter.mp4,11.0
live_output_10_10,enter,20251010_130830_id126_enter.mp4,12.0
live_output_10_10,enter,20251010_130834_id140_enter.mp4,12.0
live_output_10_10,enter,20251010_130837_id143_enter.mp4,11.0
live_output_10_10,enter,20251010_130839_id143_enter.mp4,10.0
live_output_10_10,enter,20251010_130841_id143_enter.mp4,11.0
live_output_10_10,enter,20251010_130848_id143_enter.mp4,11.0
live_output_10_10,enter,20251010_130858_id140_enter.mp4,11.0
live_output_10_10,enter,20251010_130901_id140_enter.mp4,10.0
live_output_10_10,enter,20251010_130903_id143_enter.mp4,11.0
live_output_10_10,enter,20251010_130915_id143_enter.mp4,11.0
live_output_10_10,enter,20251010_130917_id143_enter.mp4,11.0
live_output_10_10,enter,20251010_130929_id147_enter.mp4,11.0
live_output_10_10,enter,20251010_130933_id147_enter.mp4,11.0
live_output_10_10,enter,20251010_131007_id152_enter.mp4,10.0
live_output_10_10,enter,20251010_131314_id153_enter.mp4,13.0
live_output_10_10,enter,20251010_131913_id177_enter.mp4,12.0
live_output_10_10,enter,20251010_132022_id178_enter.mp4,13.0
live_output_10_10,enter,20251010_132037_id181_enter.mp4,13.0
live_output_10_10,enter,20251010_132952_id186_enter.mp4,13.0
live_output_10_10,enter,20251010_133349_id196_enter.mp4,13.0
live_output_10_10,enter,20251010_133350_id197_enter.mp4,11.0
live_output_10_10,enter,20251010_134117_id203_enter.mp4,13.0
live_output_10_10,enter,20251010_134205_id204_enter.mp4,13.0
live_output_10_10,enter,20251010_134358_id207_enter.mp4,13.0
live_output_10_10,enter,20251010_134848_id215_enter.mp4,12.0
live_output_10_10,pass,20251010_120147_id1_pass.mp4,12.0
live_output_10_10,pass,20251010_120338_id7_pass.mp4,12.0
live_output_10_10,pass,20251010_120338_id9_pass.mp4,12.0
live_output_10_10,pass,20251010_120439_id14_pass.mp4,12.0
live_output_10_10,pass,20251010_120443_id16_pass.mp4,11.0
live_output_10_10,pass,20251010_120443_id18_pass.mp4,11.0
live_output_10_10,pass,20251010_120447_id22_pass.mp4,10.0
live_output_10_10,pass,20251010_120518_id30_pass.mp4,13.0
live_output_10_10,pass,20251010_120533_id33_pass.mp4,12.0
live_output_10_10,pass,20251010_120806_id34_pass.mp4,13.0
live_output_10_10,pass,20251010_120812_id35_pass.mp4,11.0
live_output_10_10,pass,20251010_122607_id39_pass.mp4,13.0
live_output_10_10,pass,20251010_122608_id40_pass.mp4,13.0
live_output_10_10,pass,20251010_123124_id47_pass.mp4,12.0
live_output_10_10,pass,20251010_123124_id48_pass.mp4,12.0
live_output_10_10,pass,20251010_123201_id51_pass.mp4,13.0
live_output_10_10,pass,20251010_123202_id52_pass.mp4,13.0
live_output_10_10,pass,20251010_123205_id51_pass.mp4,10.0
live_output_10_10,pass,20251010_123235_id57_pass.mp4,12.0
live_output_10_10,pass,20251010_124931_id65_pass.mp4,13.0
live_output_10_10,pass,20251010_125532_id66_pass.mp4,12.0
live_output_10_10,pass,20251010_130233_id67_pass.mp4,12.0
live_output_10_10,pass,20251010_130233_id68_pass.mp4,12.0
live_output_10_10,pass,20251010_130319_id71_pass.mp4,12.0
live_output_10_10,pass,20251010_130319_id72_pass.mp4,12.0
live_output_10_10,pass,20251010_130322_id78_pass.mp4,10.0
live_output_10_10,pass,20251010_130322_id84_pass.mp4,10.0
live_output_10_10,pass,20251010_130324_id87_pass.mp4,8.0
live_output_10_10,pass,20251010_130413_id88_pass.mp4,13.0
live_output_10_10,pass,20251010_130443_id92_pass.mp4,10.0
live_output_10_10,pass,20251010_130906_id140_pass.mp4,10.0
live_output_10_10,pass,20251010_131354_id156_pass.mp4,13.0
live_output_10_10,pass,20251010_131355_id160_pass.mp4,11.0
live_output_10_10,pass,20251010_131355_id161_pass.mp4,11.0
live_output_10_10,pass,20251010_131357_id163_pass.mp4,9.0
live_output_10_10,pass,20251010_131358_id166_pass.mp4,8.0
live_output_10_10,pass,20251010_132100_id182_pass.mp4,13.0
live_output_10_10,pass,20251010_132237_id183_pass.mp4,12.0
live_output_10_10,pass,20251010_133141_id187_pass.mp4,12.0
live_output_10_10,pass,20251010_133309_id189_pass.mp4,13.0
live_output_10_10,pass,20251010_133310_id191_pass.mp4,13.0
live_output_10_10,pass,20251010_133318_id193_pass.mp4,12.0
live_output_10_10,pass,20251010_133319_id194_pass.mp4,12.0
live_output_10_10,pass,20251010_133417_id199_pass.mp4,13.0
live_output_10_10,pass,20251010_133858_id201_pass.mp4,13.0
live_output_10_10,pass,20251010_134310_id205_pass.mp4,12.0
live_output_10_10,pass,20251010_134443_id208_pass.mp4,13.0
live_output_10_10,pass,20251010_134448_id211_pass.mp4,11.0
live_output_10_10,pass,20251010_134458_id214_pass.mp4,12.0
live_output_10_10,pass,20251010_135225_id218_pass.mp4,13.0
live_output_10_13,enter,20251013_120029_id1_enter.mp4,13.0
live_output_10_13,enter,20251013_120356_id10_enter.mp4,12.0
live_output_10_13,enter,20251013_120422_id19_enter.mp4,13.0
live_output_10_13,enter,20251013_120424_id21_enter.mp4,11.0
live_output_10_13,enter,20251013_120425_id22_enter.mp4,11.0
live_output_10_13,enter,20251013_121027_id24_enter.mp4,12.0
live_output_10_13,enter,20251013_121028_id25_enter.mp4,12.0
live_output_10_13,enter,20251013_121614_id37_enter.mp4,13.0
live_output_10_13,enter,20251013_121639_id39_enter.mp4,13.0
live_output_10_13,enter,20251013_122106_id45_enter.mp4,13.0
live_output_10_13,enter,20251013_125216_id62_enter.mp4,13.0
live_output_10_13,enter,20251013_125217_id63_enter.mp4,13.0
live_output_10_13,enter,20251013_125947_id75_enter.mp4,13.0
live_output_10_13,enter,20251013_132215_id90_enter.mp4,13.0
live_output_10_13,enter,20251013_132243_id94_enter.mp4,13.0
live_output_10_13,enter,20251013_135724_id104_enter.mp4,13.0
live_output_10_13,enter,20251013_135754_id110_enter.mp4,13.0
live_output_10_13,enter,20251013_135813_id113_enter.mp4,12.0
live_output_10_13,enter,20251013_135827_id119_enter.mp4,12.0
live_output_10_13,enter,20251013_135843_id123_enter.mp4,13.0
live_output_10_13,enter,20251013_135900_id125_enter.mp4,13.0
live_output_10_13,pass,20251013_120345_id1_pass.mp4,12.0
live_output_10_13,pass,20251013_120347_id8_pass.mp4,10.0
live_output_10_13,pass,20251013_120407_id14_pass.mp4,12.0
live_output_10_13,pass,20251013_121233_id30_pass.mp4,13.0
live_output_10_13,pass,20251013_121234_id31_pass.mp4,11.0
live_output_10_13,pass,20251013_122003_id40_pass.mp4,13.0
live_output_10_13,pass,20251013_123101_id47_pass.mp4,12.0
live_output_10_13,pass,20251013_124327_id49_pass.mp4,13.0
live_output_10_13,pass,20251013_124416_id53_pass.mp4,12.0
live_output_10_13,pass,20251013_125003_id54_pass.mp4,13.0
live_output_10_13,pass,20251013_125003_id56_pass.mp4,12.0
live_output_10_13,pass,20251013_125033_id60_pass.mp4,13.0
live_output_10_13,pass,20251013_125257_id66_pass.mp4,13.0
live_output_10_13,pass,20251013_125717_id71_pass.mp4,12.0
live_output_10_13,pass,20251013_125811_id73_pass.mp4,13.0
live_output_10_13,pass,20251013_130936_id77_pass.mp4,13.0
live_output_10_13,pass,20251013_131148_id78_pass.mp4,12.0
live_output_10_13,pass,20251013_131152_id82_pass.mp4,11.0
live_output_10_13,pass,20251013_131317_id83_pass.mp4,13.0
live_output_10_13,pass,20251013_131317_id85_pass.mp4,13.0
live_output_10_13,pass,20251013_131323_id83_pass.mp4,10.0
live_output_10_13,pass,20251013_132142_id88_pass.mp4,13.0
live_output_10_13,pass,20251013_132156_id89_pass.mp4,13.0
live_output_10_13,pass,20251013_132423_id96_pass.mp4,13.0
live_output_10_13,pass,20251013_132450_id97_pass.mp4,13.0
live_output_10_13,pass,20251013_133630_id98_pass.mp4,12.0
live_output_10_13,pass,20251013_134044_id99_pass.mp4,13.0
live_output_10_13,pass,20251013_134108_id100_pass.mp4,13.0
live_output_10_13,pass,20251013_134830_id102_pass.mp4,12.0
live_output_10_13,pass,20251013_135739_id108_pass.mp4,12.0
live_output_10_13,pass,20251013_135804_id112_pass.mp4,12.0
live_output_10_13,pass,20251013_135821_id117_pass.mp4,12.0
live_output_10_13,pass,20251013_135836_id121_pass.mp4,13.0
live_output_10_13,pass,20251013_135852_id124_pass.mp4,12.0
live_output_10_15,enter,20251015_120303_id8_enter.mp4,12.0
live_output_10_15,enter,20251015_120305_id9_enter.mp4,11.0
live_output_10_15,enter,20251015_120307_id13_enter.mp4,10.0
live_output_10_15,enter,20251015_120307_id17_enter.mp4,10.0
live_output_10_15,enter,20251015_120308_id18_enter.mp4,10.0
live_output_10_15,enter,20251015_120309_id20_enter.mp4,9.0
live_output_10_15,enter,20251015_120313_id31_enter.mp4,8.0
live_output_10_15,enter,20251015_120317_id35_enter.mp4,10.0
live_output_10_15,enter,20251015_120413_id41_enter.mp4,13.0
live_output_10_15,enter,20251015_120423_id42_enter.mp4,12.0
live_output_10_15,enter,20251015_120425_id43_enter.mp4,11.0
live_output_10_15,enter,20251015_120458_id48_enter.mp4,13.0
live_output_10_15,enter,20251015_120459_id49_enter.mp4,13.0
live_output_10_15,enter,20251015_120623_id51_enter.mp4,12.0
live_output_10_15,enter,20251015_121858_id61_enter.mp4,13.0
live_output_10_15,enter,20251015_122802_id79_enter.mp4,13.0
live_output_10_15,enter,20251015_125814_id99_enter.mp4,13.0
live_output_10_15,enter,20251015_130932_id118_enter.mp4,13.0
live_output_10_15,enter,20251015_134035_id127_enter.mp4,13.0
live_output_10_15,enter,20251015_135609_id135_enter.mp4,12.0
live_output_10_15,enter,20251015_135651_id139_enter.mp4,12.0
live_output_10_15,enter,20251015_135704_id141_enter.mp4,12.0
live_output_10_15,enter,20251015_135724_id150_enter.mp4,12.0
live_output_10_15,enter,20251015_135741_id152_enter.mp4,12.0
live_output_10_15,enter,20251015_135758_id155_enter.mp4,12.0
live_output_10_15,enter,20251015_135815_id158_enter.mp4,12.0
live_output_10_15,enter,20251015_135833_id162_enter.mp4,12.0
live_output_10_15,enter,20251015_135850_id168_enter.mp4,12.0
live_output_10_15,enter,20251015_135909_id173_enter.mp4,12.0
live_output_10_15,enter,20251015_135927_id181_enter.mp4,13.0
live_output_10_15,enter,20251015_135943_id184_enter.mp4,12.0
live_output_10_15,pass,20251015_120140_id1_pass.mp4,13.0
live_output_10_15,pass,20251015_120233_id3_pass.mp4,13.0
live_output_10_15,pass,20251015_120236_id4_pass.mp4,10.0
live_output_10_15,pass,20251015_120243_id6_pass.mp4,12.0
live_output_10_15,pass,20251015_120249_id7_pass.mp4,12.0
live_output_10_15,pass,20251015_120311_id31_pass.mp4,7.0
live_output_10_15,pass,20251015_120345_id37_pass.mp4,13.0
live_output_10_15,pass,20251015_120351_id39_pass.mp4,11.0
live_output_10_15,pass,20251015_120359_id40_pass.mp4,13.0
live_output_10_15,pass,20251015_120730_id54_pass.mp4,12.0
live_output_10_15,pass,20251015_120917_id55_pass.mp4,13.0
live_output_10_15,pass,20251015_121152_id57_pass.mp4,13.0
live_output_10_15,pass,20251015_121512_id59_pass.mp4,13.0
live_output_10_15,pass,20251015_121857_id60_pass.mp4,13.0
live_output_10_15,pass,20251015_122301_id64_pass.mp4,13.0
live_output_10_15,pass,20251015_122303_id65_pass.mp4,12.0
live_output_10_15,pass,20251015_122303_id66_pass.mp4,11.0
live_output_10_15,pass,20251015_122307_id69_pass.mp4,10.0
live_output_10_15,pass,20251015_122727_id77_pass.mp4,13.0
live_output_10_15,pass,20251015_123808_id80_pass.mp4,12.0
live_output_10_15,pass,20251015_124012_id83_pass.mp4,12.0
live_output_10_15,pass,20251015_124119_id85_pass.mp4,13.0
live_output_10_15,pass,20251015_124120_id87_pass.mp4,12.0
live_output_10_15,pass,20251015_124252_id93_pass.mp4,13.0
live_output_10_15,pass,20251015_124536_id95_pass.mp4,13.0
live_output_10_15,pass,20251015_125959_id103_pass.mp4,13.0
live_output_10_15,pass,20251015_130153_id105_pass.mp4,13.0
live_output_10_15,pass,20251015_130154_id107_pass.mp4,11.0
live_output_10_15,pass,20251015_130156_id109_pass.mp4,10.0
live_output_10_15,pass,20251015_130252_id111_pass.mp4,13.0
live_output_10_15,pass,20251015_130503_id112_pass.mp4,13.0
live_output_10_15,pass,20251015_130916_id115_pass.mp4,12.0
live_output_10_15,pass,20251015_130916_id116_pass.mp4,12.0
live_output_10_15,pass,20251015_130923_id117_pass.mp4,12.0
live_output_10_15,pass,20251015_130947_id119_pass.mp4,13.0
live_output_10_15,pass,20251015_131116_id121_pass.mp4,12.0
live_output_10_15,pass,20251015_131330_id123_pass.mp4,13.0
live_output_10_15,pass,20251015_133452_id124_pass.mp4,13.0
live_output_10_15,pass,20251015_133914_id125_pass.mp4,13.0
live_output_10_15,pass,20251015_133924_id126_pass.mp4,13.0
live_output_10_15,pass,20251015_134612_id128_pass.mp4,13.0
live_output_10_15,pass,20251015_134738_id130_pass.mp4,13.0
live_output_10_15,pass,20251015_135044_id133_pass.mp4,13.0
live_output_10_15,pass,20251015_135643_id138_pass.mp4,13.0
live_output_10_15,pass,20251015_135659_id140_pass.mp4,12.0
live_output_10_15,pass,20251015_135712_id144_pass.mp4,13.0
live_output_10_15,pass,20251015_135734_id151_pass.mp4,12.0
live_output_10_15,pass,20251015_135752_id153_pass.mp4,13.0
live_output_10_15,pass,20251015_135807_id157_pass.mp4,13.0
live_output_10_15,pass,20251015_135826_id161_pass.mp4,12.0
live_output_10_15,pass,20251015_135842_id166_pass.mp4,12.0
live_output_10_15,pass,20251015_135900_id172_pass.mp4,13.0
live_output_10_15,pass,20251015_135919_id177_pass.mp4,12.0
live_output_10_15,pass,20251015_135936_id183_pass.mp4,13.0
live_output_10_15,pass,20251015_135952_id186_pass.mp4,12.0
live_output_10_16,enter,20251016_120024_id4_enter.mp4,12.0
live_output_10_16,enter,20251016_120156_id11_enter.mp4,13.0
live_output_10_16,enter,20251016_120658_id14_enter.mp4,13.0
live_output_10_16,enter,20251016_121532_id17_enter.mp4,13.0
live_output_10_16,enter,20251016_121543_id19_enter.mp4,13.0
live_output_10_16,enter,20251016_121804_id24_enter.mp4,13.0
live_output_10_16,enter,20251016_122245_id29_enter.mp4,13.0
live_output_10_16,enter,20251016_122816_id40_enter.mp4,12.0
live_output_10_16,enter,20251016_122907_id42_enter.mp4,12.0
live_output_10_16,enter,20251016_122913_id44_enter.mp4,11.0
live_output_10_16,enter,20251016_124746_id50_enter.mp4,13.0
live_output_10_16,enter,20251016_124940_id55_enter.mp4,13.0
live_output_10_16,enter,20251016_130307_id69_enter.mp4,13.0
live_output_10_16,enter,20251016_131021_id74_enter.mp4,13.0
live_output_10_16,enter,20251016_132303_id77_enter.mp4,12.0
live_output_10_16,enter,20251016_132443_id80_enter.mp4,13.0
live_output_10_16,enter,20251016_133406_id89_enter.mp4,13.0
live_output_10_16,enter,20251016_135208_id100_enter.mp4,13.0
live_output_10_16,enter,20251016_135545_id102_enter.mp4,12.0
live_output_10_16,enter,20251016_135817_id105_enter.mp4,13.0
live_output_10_16,enter,20251016_135829_id110_enter.mp4,11.0
live_output_10_16,enter,20251016_135841_id114_enter.mp4,13.0
live_output_10_16,enter,20251016_135853_id122_enter.mp4,11.0
live_output_10_16,enter,20251016_135910_id131_enter.mp4,11.0
live_output_10_16,enter,20251016_135923_id134_enter.mp4,12.0
live_output_10_16,enter,20251016_135937_id138_enter.mp4,12.0
live_output_10_16,enter,20251016_135949_id142_enter.mp4,12.0
live_output_10_16,pass,20251016_120010_id1_pass.mp4,12.0
live_output_10_16,pass,20251016_120038_id6_pass.mp4,12.0
live_output_10_16,pass,20251016_120043_id7_pass.mp4,11.0
live_output_10_16,pass,20251016_120413_id13_pass.mp4,13.0
live_output_10_16,pass,20251016_120952_id16_pass.mp4,12.0
live_output_10_16,pass,20251016_121715_id21_pass.mp4,13.0
live_output_10_16,pass,20251016_121804_id25_pass.mp4,13.0
live_output_10_16,pass,20251016_122037_id26_pass.mp4,12.0
live_output_10_16,pass,20251016_122515_id31_pass.mp4,13.0
live_output_10_16,pass,20251016_122643_id34_pass.mp4,13.0
live_output_10_16,pass,20251016_122741_id35_pass.mp4,12.0
live_output_10_16,pass,20251016_123012_id49_pass.mp4,13.0
live_output_10_16,pass,20251016_124830_id51_pass.mp4,13.0
live_output_10_16,pass,20251016_124908_id54_pass.mp4,13.0
live_output_10_16,pass,20251016_125135_id56_pass.mp4,13.0
live_output_10_16,pass,20251016_125137_id59_pass.mp4,11.0
live_output_10_16,pass,20251016_125417_id65_pass.mp4,13.0
live_output_10_16,pass,20251016_125543_id66_pass.mp4,13.0
live_output_10_16,pass,20251016_130453_id71_pass.mp4,13.0
live_output_10_16,pass,20251016_130945_id73_pass.mp4,13.0
live_output_10_16,pass,20251016_132721_id81_pass.mp4,13.0
live_output_10_16,pass,20251016_132921_id82_pass.mp4,12.0
live_output_10_16,pass,20251016_133050_id83_pass.mp4,13.0
live_output_10_16,pass,20251016_133051_id85_pass.mp4,13.0
live_output_10_16,pass,20251016_135012_id93_pass.mp4,13.0
live_output_10_16,pass,20251016_135033_id96_pass.mp4,12.0
live_output_10_16,pass,20251016_135129_id97_pass.mp4,13.0
live_output_10_16,pass,20251016_135733_id104_pass.mp4,13.0
live_output_10_16,pass,20251016_135825_id109_pass.mp4,13.0
live_output_10_16,pass,20251016_135835_id112_pass.mp4,13.0
live_output_10_16,pass,20251016_135847_id116_pass.mp4,12.0
live_output_10_16,pass,20251016_135851_id119_pass.mp4,11.0
live_output_10_16,pass,20251016_135901_id125_pass.mp4,13.0
live_output_10_16,pass,20251016_135904_id128_pass.mp4,11.0
live_output_10_16,pass,20251016_135916_id133_pass.mp4,13.0
live_output_10_16,pass,20251016_135932_id135_pass.mp4,12.0
live_output_10_16,pass,20251016_135943_id141_pass.mp4,13.0
live_output_10_17,enter,20251017_120108_id5_enter.mp4,13.0
live_output_10_17,enter,20251017_120131_id16_enter.mp4,12.0
live_output_10_17,enter,20251017_120143_id19_enter.mp4,12.0
live_output_10_17,enter,20251017_120151_id22_enter.mp4,12.0
live_output_10_17,enter,20251017_120156_id24_enter.mp4,12.0
live_output_10_17,enter,20251017_120210_id29_enter.mp4,13.0
live_output_10_17,enter,20251017_120234_id31_enter.mp4,13.0
live_output_10_17,enter,20251017_120241_id33_enter.mp4,12.0
live_output_10_17,enter,20251017_120252_id35_enter.mp4,12.0
live_output_10_17,enter,20251017_120312_id38_enter.mp4,12.0
live_output_10_17,enter,20251017_120325_id41_enter.mp4,12.0
live_output_10_17,enter,20251017_120345_id45_enter.mp4,13.0
live_output_10_17,enter,20251017_120352_id51_enter.mp4,12.0
live_output_10_17,enter,20251017_120359_id52_enter.mp4,12.0
live_output_10_17,enter,20251017_120413_id55_enter.mp4,12.0
live_output_10_17,enter,20251017_120421_id58_enter.mp4,12.0
live_output_10_17,enter,20251017_120427_id59_enter.mp4,12.0
live_output_10_17,enter,20251017_120429_id60_enter.mp4,11.0
live_output_10_17,enter,20251017_120442_id65_enter.mp4,13.0
live_output_10_17,enter,20251017_120511_id70_enter.mp4,13.0
live_output_10_17,enter,20251017_120531_id75_enter.mp4,12.0
live_output_10_17,enter,20251017_120534_id76_enter.mp4,11.0
live_output_10_17,enter,20251017_120545_id80_enter.mp4,13.0
live_output_10_17,enter,20251017_120605_id83_enter.mp4,12.0
live_output_10_17,enter,20251017_120620_id88_enter.mp4,12.0
live_output_10_17,enter,20251017_120628_id92_enter.mp4,12.0
live_output_10_17,enter,20251017_120633_id96_enter.mp4,12.0
live_output_10_17,enter,20251017_120647_id100_enter.mp4,13.0
live_output_10_17,enter,20251017_120655_id103_enter.mp4,13.0
live_output_10_17,enter,20251017_120708_id107_enter.mp4,13.0
live_output_10_17,enter,20251017_120722_id109_enter.mp4,13.0
live_output_10_17,enter,20251017_120744_id115_enter.mp4,12.0
live_output_10_17,enter,20251017_120757_id121_enter.mp4,13.0
live_output_10_17,enter,20251017_120811_id123_enter.mp4,12.0
live_output_10_17,enter,20251017_120825_id125_enter.mp4,12.0
live_output_10_17,enter,20251017_120845_id132_enter.mp4,12.0
live_output_10_17,enter,20251017_120907_id135_enter.mp4,12.0
live_output_10_17,enter,20251017_120920_id137_enter.mp4,13.0
live_output_10_17,enter,20251017_120934_id139_enter.mp4,13.0
live_output_10_17,enter,20251017_120948_id145_enter.mp4,13.0
live_output_10_17,enter,20251017_121001_id148_enter.mp4,12.0
live_output_10_17,enter,20251017_121014_id152_enter.mp4,12.0
live_output_10_17,enter,20251017_121036_id156_enter.mp4,13.0
live_output_10_17,enter,20251017_121049_id161_enter.mp4,13.0
live_output_10_17,enter,20251017_121105_id164_enter.mp4,13.0
live_output_10_17,enter,20251017_121118_id172_enter.mp4,12.0
live_output_10_17,enter,20251017_121120_id173_enter.mp4,10.0
live_output_10_17,enter,20251017_121131_id175_enter.mp4,13.0
live_output_10_17,enter,20251017_121146_id179_enter.mp4,13.0
live_output_10_17,enter,20251017_121159_id184_enter.mp4,13.0
live_output_10_17,enter,20251017_121212_id191_enter.mp4,12.0
live_output_10_17,enter,20251017_121226_id194_enter.mp4,13.0
live_output_10_17,enter,20251017_121240_id201_enter.mp4,13.0
live_output_10_17,enter,20251017_125636_id214_enter.mp4,13.0
live_output_10_17,enter,20251017_125851_id220_enter.mp4,13.0
live_output_10_17,enter,20251017_130200_id223_enter.mp4,13.0
live_output_10_17,enter,20251017_130203_id224_enter.mp4,11.0
live_output_10_17,enter,20251017_130300_id230_enter.mp4,13.0
live_output_10_17,pass,20251017_120057_id1_pass.mp4,13.0
live_output_10_17,pass,20251017_120120_id8_pass.mp4,12.0
live_output_10_17,pass,20251017_120125_id15_pass.mp4,12.0
live_output_10_17,pass,20251017_120138_id18_pass.mp4,13.0
live_output_10_17,pass,20251017_120150_id21_pass.mp4,12.0
live_output_10_17,pass,20251017_120202_id28_pass.mp4,13.0
live_output_10_17,pass,20251017_120241_id32_pass.mp4,12.0
live_output_10_17,pass,20251017_120246_id34_pass.mp4,12.0
live_output_10_17,pass,20251017_120300_id36_pass.mp4,12.0
live_output_10_17,pass,20251017_120306_id37_pass.mp4,12.0
live_output_10_17,pass,20251017_120319_id40_pass.mp4,13.0
live_output_10_17,pass,20251017_120332_id43_pass.mp4,13.0
live_output_10_17,pass,20251017_120338_id44_pass.mp4,12.0
live_output_10_17,pass,20251017_120352_id50_pass.mp4,12.0
live_output_10_17,pass,20251017_120406_id54_pass.mp4,12.0
live_output_10_17,pass,20251017_120421_id57_pass.mp4,12.0
live_output_10_17,pass,20251017_120435_id63_pass.mp4,12.0
live_output_10_17,pass,20251017_120449_id66_pass.mp4,13.0
live_output_10_17,pass,20251017_120456_id67_pass.mp4,12.0
live_output_10_17,pass,20251017_120503_id68_pass.mp4,12.0
live_output_10_17,pass,20251017_120518_id71_pass.mp4,12.0
live_output_10_17,pass,20251017_120524_id74_pass.mp4,12.0
live_output_10_17,pass,20251017_120539_id78_pass.mp4,13.0
live_output_10_17,pass,20251017_120554_id81_pass.mp4,13.0
live_output_10_17,pass,20251017_120601_id82_pass.mp4,12.0
live_output_10_17,pass,20251017_120614_id84_pass.mp4,13.0
live_output_10_17,pass,20251017_120627_id90_pass.mp4,12.0
live_output_10_17,pass,20251017_120640_id98_pass.mp4,12.0
live_output_10_17,pass,20251017_120654_id101_pass.mp4,13.0
live_output_10_17,pass,20251017_120700_id104_pass.mp4,13.0
live_output_10_17,pass,20251017_120715_id108_pass.mp4,12.0
live_output_10_17,pass,20251017_120730_id111_pass.mp4,12.0
live_output_10_17,pass,20251017_120737_id114_pass.mp4,12.0
live_output_10_17,pass,20251017_120751_id119_pass.mp4,12.0
live_output_10_17,pass,20251017_120805_id122_pass.mp4,13.0
live_output_10_17,pass,20251017_120818_id124_pass.mp4,13.0
live_output_10_17,pass,20251017_120832_id127_pass.mp4,13.0
live_output_10_17,pass,20251017_120838_id130_pass.mp4,13.0
live_output_10_17,pass,20251017_120852_id133_pass.mp4,13.0
live_output_10_17,pass,20251017_120859_id134_pass.mp4,13.0
live_output_10_17,pass,20251017_120914_id136_pass.mp4,12.0
live_output_10_17,pass,20251017_120928_id138_pass.mp4,12.0
live_output_10_17,pass,20251017_120941_id141_pass.mp4,12.0
live_output_10_17,pass,20251017_120955_id147_pass.mp4,12.0
live_output_10_17,pass,20251017_121007_id149_pass.mp4,12.0
live_output_10_17,pass,20251017_121021_id154_pass.mp4,13.0
live_output_10_17,pass,20251017_121028_id155_pass.mp4,12.0
live_output_10_17,pass,20251017_121043_id159_pass.mp4,13.0
live_output_10_17,pass,20251017_121057_id163_pass.mp4,13.0
live_output_10_17,pass,20251017_121112_id167_pass.mp4,13.0
live_output_10_17,pass,20251017_121124_id174_pass.mp4,12.0
live_output_10_17,pass,20251017_121138_id176_pass.mp4,13.0
live_output_10_17,pass,20251017_121153_id182_pass.mp4,12.0
live_output_10_17,pass,20251017_121205_id187_pass.mp4,12.0
live_output_10_17,pass,20251017_121219_id192_pass.mp4,12.0
live_output_10_17,pass,20251017_121233_id196_pass.mp4,13.0
live_output_10_17,pass,20251017_121248_id204_pass.mp4,13.0
live_output_10_17,pass,20251017_123517_id209_pass.mp4,13.0
live_output_10_17,pass,20251017_125037_id210_pass.mp4,13.0
live_output_10_17,pass,20251017_125622_id213_pass.mp4,12.0
live_output_10_17,pass,20251017_125745_id215_pass.mp4,12.0
live_output_10_17,pass,20251017_125828_id217_pass.mp4,13.0
live_output_10_17,pass,20251017_130106_id221_pass.mp4,12.0
live_output_10_17,pass,20251017_130300_id228_pass.mp4,13.0
live_output_10_2,enter,20251001_125855_id3_enter.mp4,12.0
live_output_10_2,enter,20251001_125917_id6_enter.mp4,13.0
live_output_10_2,enter,20251001_125947_id7_enter.mp4,12.0
live_output_10_2,enter,20251001_130022_id8_enter.mp4,13.0
live_output_10_2,enter,20251001_130119_id13_enter.mp4,13.0
live_output_10_2,enter,20251001_130147_id17_enter.mp4,12.0
live_output_10_2,enter,20251001_130148_id18_enter.mp4,13.0
live_output_10_2,enter,20251001_130218_id25_enter.mp4,11.0
live_output_10_2,enter,20251001_130219_id26_enter.mp4,10.0
live_output_10_2,enter,20251001_130602_id34_enter.mp4,12.0
live_output_10_2,enter,20251001_130801_id46_enter.mp4,12.0
live_output_10_2,enter,20251001_130805_id48_enter.mp4,10.0
live_output_10_2,enter,20251001_130812_id49_enter.mp4,11.0
live_output_10_2,enter,20251001_130921_id50_enter.mp4,10.0
live_output_10_2,enter,20251001_130950_id68_enter.mp4,10.0
live_output_10_2,enter,20251001_131111_id81_enter.mp4,10.0
live_output_10_2,enter,20251001_131401_id100_enter.mp4,10.0
live_output_10_2,enter,20251001_131417_id105_enter.mp4,10.0
live_output_10_2,enter,20251001_131420_id107_enter.mp4,10.0
live_output_10_2,enter,20251001_131450_id108_enter.mp4,10.0
live_output_10_2,enter,20251001_133356_id147_enter.mp4,13.0
live_output_10_2,enter,20251001_135812_id150_enter.mp4,13.0
live_output_10_2,enter,20251001_135840_id154_enter.mp4,13.0
live_output_10_2,enter,20251001_135923_id162_enter.mp4,13.0
live_output_10_2,enter,20251002_115818_id3_enter.mp4,12.0
live_output_10_2,enter,20251002_115828_id7_enter.mp4,11.0
live_output_10_2,enter,20251002_115834_id10_enter.mp4,11.0
live_output_10_2,enter,20251002_115902_id25_enter.mp4,11.0
live_output_10_2,enter,20251002_115919_id35_enter.mp4,11.0
live_output_10_2,enter,20251002_115929_id42_enter.mp4,12.0
live_output_10_2,enter,20251002_115929_id45_enter.mp4,12.0
live_output_10_2,enter,20251002_115949_id55_enter.mp4,10.0
live_output_10_2,enter,20251002_115955_id56_enter.mp4,11.0
live_output_10_2,enter,20251002_120006_id65_enter.mp4,12.0
live_output_10_2,enter,20251002_120031_id78_enter.mp4,10.0
live_output_10_2,enter,20251002_120034_id83_enter.mp4,10.0
live_output_10_2,enter,20251002_120111_id91_enter.mp4,10.0
live_output_10_2,enter,20251002_120117_id92_enter.mp4,11.0
live_output_10_2,enter,20251002_120151_id96_enter.mp4,13.0
live_output_10_2,enter,20251002_120158_id98_enter.mp4,13.0
live_output_10_2,enter,20251002_120535_id110_enter.mp4,13.0
live_output_10_2,enter,20251002_120536_id112_enter.mp4,12.0
live_output_10_2,enter,20251002_121145_id121_enter.mp4,12.0
live_output_10_2,enter,20251002_121849_id140_enter.mp4,10.0
live_output_10_2,enter,20251002_121859_id143_enter.mp4,11.0
live_output_10_2,enter,20251002_125726_id160_enter.mp4,13.0
live_output_10_2,enter,20251002_125820_id163_enter.mp4,12.0
live_output_10_2,enter,20251002_131224_id183_enter.mp4,13.0
live_output_10_2,enter,20251002_131311_id185_enter.mp4,12.0
live_output_10_2,enter,20251002_132736_id201_enter.mp4,13.0
live_output_10_2,enter,20251002_133454_id204_enter.mp4,13.0
live_output_10_2,enter,20251002_134805_id218_enter.mp4,13.0
live_output_10_2,enter,20251002_135352_id239_enter.mp4,13.0
live_output_10_2,enter,20251002_135534_id248_enter.mp4,13.0
live_output_10_2,enter,20251002_135536_id249_enter.mp4,12.0
live_output_10_2,enter,20251002_135558_id259_enter.mp4,13.0
live_output_10_2,enter,20251002_135805_id264_enter.mp4,12.0
live_output_10_2,pass,20251001_125847_id2_pass.mp4,13.0
live_output_10_2,pass,20251001_130112_id11_pass.mp4,13.0
live_output_10_2,pass,20251001_130123_id14_pass.mp4,11.0
live_output_10_2,pass,20251001_130155_id22_pass.mp4,10.0
live_output_10_2,pass,20251001_130551_id31_pass.mp4,12.0
live_output_10_2,pass,20251001_130610_id36_pass.mp4,13.0
live_output_10_2,pass,20251001_130611_id38_pass.mp4,13.0
live_output_10_2,pass,20251001_130617_id44_pass.mp4,12.0
live_output_10_2,pass,20251001_130802_id47_pass.mp4,12.0
live_output_10_2,pass,20251001_130943_id63_pass.mp4,10.0
live_output_10_2,pass,20251001_131203_id85_pass.mp4,12.0
live_output_10_2,pass,20251001_131220_id86_pass.mp4,12.0
live_output_10_2,pass,20251001_131225_id92_pass.mp4,11.0
live_output_10_2,pass,20251001_131352_id97_pass.mp4,10.0
live_output_10_2,pass,20251001_131353_id100_pass.mp4,10.0
live_output_10_2,pass,20251001_131453_id113_pass.mp4,9.0
live_output_10_2,pass,20251001_131601_id117_pass.mp4,11.0
live_output_10_2,pass,20251001_131601_id119_pass.mp4,11.0
live_output_10_2,pass,20251001_131643_id125_pass.mp4,13.0
live_output_10_2,pass,20251001_132457_id126_pass.mp4,12.0
live_output_10_2,pass,20251001_132544_id129_pass.mp4,13.0
live_output_10_2,pass,20251001_132544_id130_pass.mp4,13.0
live_output_10_2,pass,20251001_132603_id132_pass.mp4,13.0
live_output_10_2,pass,20251001_132916_id135_pass.mp4,13.0
live_output_10_2,pass,20251001_133139_id140_pass.mp4,13.0
live_output_10_2,pass,20251001_133300_id142_pass.mp4,13.0
live_output_10_2,pass,20251001_133303_id144_pass.mp4,10.0
live_output_10_2,pass,20251001_133823_id149_pass.mp4,12.0
live_output_10_2,pass,20251001_135826_id153_pass.mp4,13.0
live_output_10_2,pass,20251001_135914_id156_pass.mp4,13.0
live_output_10_2,pass,20251002_115810_id1_pass.mp4,13.0
live_output_10_2,pass,20251002_115826_id6_pass.mp4,12.0
live_output_10_2,pass,20251002_115844_id14_pass.mp4,13.0
live_output_10_2,pass,20251002_115846_id16_pass.mp4,10.0
live_output_10_2,pass,20251002_115848_id19_pass.mp4,10.0
live_output_10_2,pass,20251002_115851_id20_pass.mp4,11.0
live_output_10_2,pass,20251002_115853_id21_pass.mp4,11.0
live_output_10_2,pass,20251002_115912_id29_pass.mp4,12.0
live_output_10_2,pass,20251002_115914_id33_pass.mp4,10.0
live_output_10_2,pass,20251002_115921_id37_pass.mp4,10.0
live_output_10_2,pass,20251002_115939_id48_pass.mp4,11.0
live_output_10_2,pass,20251002_115944_id51_pass.mp4,11.0
live_output_10_2,pass,20251002_115946_id53_pass.mp4,10.0
live_output_10_2,pass,20251002_115948_id54_pass.mp4,10.0
live_output_10_2,pass,20251002_115959_id59_pass.mp4,11.0
live_output_10_2,pass,20251002_120008_id69_pass.mp4,11.0
live_output_10_2,pass,20251002_120014_id72_pass.mp4,12.0
live_output_10_2,pass,20251002_120024_id73_pass.mp4,12.0
live_output_10_2,pass,20251002_120025_id74_pass.mp4,10.0
live_output_10_2,pass,20251002_120101_id86_pass.mp4,12.0
live_output_10_2,pass,20251002_120110_id90_pass.mp4,12.0
live_output_10_2,pass,20251002_120140_id94_pass.mp4,13.0
live_output_10_2,pass,20251002_120141_id95_pass.mp4,12.0
live_output_10_2,pass,20251002_120251_id101_pass.mp4,13.0
live_output_10_2,pass,20251002_120252_id102_pass.mp4,11.0
live_output_10_2,pass,20251002_120255_id107_pass.mp4,10.0
live_output_10_2,pass,20251002_120855_id119_pass.mp4,13.0
live_output_10_2,pass,20251002_120923_id120_pass.mp4,13.0
live_output_10_2,pass,20251002_121155_id122_pass.mp4,13.0
live_output_10_2,pass,20251002_121222_id125_pass.mp4,13.0
live_output_10_2,pass,20251002_121226_id128_pass.mp4,10.0
live_output_10_2,pass,20251002_121320_id130_pass.mp4,13.0
live_output_10_2,pass,20251002_121343_id131_pass.mp4,12.0
live_output_10_2,pass,20251002_121430_id134_pass.mp4,12.0
live_output_10_2,pass,20251002_121701_id135_pass.mp4,13.0
live_output_10_2,pass,20251002_121824_id136_pass.mp4,12.0
live_output_10_2,pass,20251002_121846_id138_pass.mp4,13.0
live_output_10_2,pass,20251002_121857_id142_pass.mp4,12.0
live_output_10_2,pass,20251002_123811_id146_pass.mp4,12.0
live_output_10_2,pass,20251002_123840_id147_pass.mp4,13.0
live_output_10_2,pass,20251002_124613_id148_pass.mp4,13.0
live_output_10_2,pass,20251002_124635_id149_pass.mp4,13.0
live_output_10_2,pass,20251002_124748_id150_pass.mp4,13.0
live_output_10_2,pass,20251002_125033_id152_pass.mp4,12.0
live_output_10_2,pass,20251002_125133_id156_pass.mp4,13.0
live_output_10_2,pass,20251002_125342_id157_pass.mp4,12.0
live_output_10_2,pass,20251002_125625_id158_pass.mp4,13.0
live_output_10_2,pass,20251002_125744_id162_pass.mp4,13.0
live_output_10_2,pass,20251002_130031_id164_pass.mp4,13.0
live_output_10_2,pass,20251002_130116_id167_pass.mp4,12.0
live_output_10_2,pass,20251002_130455_id171_pass.mp4,13.0
live_output_10_2,pass,20251002_130517_id172_pass.mp4,12.0
live_output_10_2,pass,20251002_130525_id177_pass.mp4,13.0
live_output_10_2,pass,20251002_130845_id180_pass.mp4,13.0
live_output_10_2,pass,20251002_131500_id188_pass.mp4,13.0
live_output_10_2,pass,20251002_131524_id195_pass.mp4,13.0
live_output_10_2,pass,20251002_132002_id198_pass.mp4,13.0
live_output_10_2,pass,20251002_132722_id200_pass.mp4,13.0
live_output_10_2,pass,20251002_133439_id203_pass.mp4,13.0
live_output_10_2,pass,20251002_133457_id205_pass.mp4,11.0
live_output_10_2,pass,20251002_133522_id208_pass.mp4,13.0
live_output_10_2,pass,20251002_134132_id211_pass.mp4,13.0
live_output_10_2,pass,20251002_134133_id212_pass.mp4,11.0
live_output_10_2,pass,20251002_135048_id222_pass.mp4,13.0
live_output_10_2,pass,20251002_135229_id227_pass.mp4,13.0
live_output_10_2,pass,20251002_135256_id228_pass.mp4,13.0
live_output_10_2,pass,20251002_135310_id230_pass.mp4,13.0
live_output_10_2,pass,20251002_135316_id233_pass.mp4,11.0
live_output_10_2,pass,20251002_135332_id230_pass.mp4,11.0
live_output_10_2,pass,20251002_135352_id240_pass.mp4,13.0
live_output_10_2,pass,20251002_135355_id242_pass.mp4,11.0
live_output_10_2,pass,20251002_135356_id240_pass.mp4,10.0
live_output_10_2,pass,20251002_135539_id252_pass.mp4,10.0
live_output_10_2,pass,20251002_135539_id256_pass.mp4,10.0
live_output_10_2,pass,20251002_135610_id262_pass.mp4,13.0
live_output_10_20,enter,20251020_120302_id2_enter.mp4,12.0
live_output_10_20,enter,20251020_120327_id4_enter.mp4,12.0
live_output_10_20,enter,20251020_120356_id8_enter.mp4,12.0
live_output_10_20,enter,20251020_120410_id10_enter.mp4,12.0
live_output_10_20,enter,20251020_120425_id12_enter.mp4,12.0
live_output_10_20,enter,20251020_120441_id14_enter.mp4,12.0
live_output_10_20,enter,20251020_120457_id17_enter.mp4,12.0
live_output_10_20,enter,20251020_120508_id18_enter.mp4,12.0
live_output_10_20,enter,20251020_120509_id21_enter.mp4,11.0
live_output_10_20,enter,20251020_120534_id27_enter.mp4,13.0
live_output_10_20,enter,20251020_120554_id36_enter.mp4,12.0
live_output_10_20,enter,20251020_120617_id40_enter.mp4,12.0
live_output_10_20,enter,20251020_120623_id41_enter.mp4,12.0
live_output_10_20,enter,20251020_120936_id47_enter.mp4,13.0
live_output_10_20,enter,20251020_121721_id52_enter.mp4,12.0
live_output_10_20,enter,20251020_121746_id53_enter.mp4,13.0
live_output_10_20,enter,20251020_124248_id60_enter.mp4,12.0
live_output_10_20,enter,20251020_124824_id62_enter.mp4,12.0
live_output_10_20,enter,20251020_131307_id77_enter.mp4,13.0
live_output_10_20,enter,20251020_131657_id82_enter.mp4,12.0
live_output_10_20,enter,20251020_132825_id92_enter.mp4,13.0
live_output_10_20,enter,20251020_134205_id94_enter.mp4,12.0
live_output_10_20,enter,20251020_134756_id100_enter.mp4,12.0
live_output_10_20,enter,20251020_135529_id101_enter.mp4,12.0
live_output_10_20,pass,20251020_120216_id1_pass.mp4,12.0
live_output_10_20,pass,20251020_120316_id3_pass.mp4,12.0
live_output_10_20,pass,20251020_120341_id6_pass.mp4,12.0
live_output_10_20,pass,20251020_120348_id7_pass.mp4,12.0
live_output_10_20,pass,20251020_120403_id9_pass.mp4,12.0
live_output_10_20,pass,20251020_120418_id11_pass.mp4,12.0
live_output_10_20,pass,20251020_120434_id13_pass.mp4,12.0
live_output_10_20,pass,20251020_120450_id15_pass.mp4,13.0
live_output_10_20,pass,20251020_120526_id26_pass.mp4,12.0
live_output_10_20,pass,20251020_120541_id30_pass.mp4,12.0
live_output_10_20,pass,20251020_120607_id38_pass.mp4,12.0
live_output_10_20,pass,20251020_120639_id42_pass.mp4,12.0
live_output_10_20,pass,20251020_120831_id45_pass.mp4,12.0
live_output_10_20,pass,20251020_121405_id50_pass.mp4,12.0
live_output_10_20,pass,20251020_121902_id55_pass.mp4,13.0
live_output_10_20,pass,20251020_121911_id57_pass.mp4,13.0
live_output_10_20,pass,20251020_124230_id59_pass.mp4,13.0
live_output_10_20,pass,20251020_124812_id61_pass.mp4,13.0
live_output_10_20,pass,20251020_124831_id65_pass.mp4,12.0
live_output_10_20,pass,20251020_125224_id67_pass.mp4,12.0
live_output_10_20,pass,20251020_125320_id68_pass.mp4,13.0
live_output_10_20,pass,20251020_125349_id70_pass.mp4,12.0
live_output_10_20,pass,20251020_125730_id72_pass.mp4,12.0
live_output_10_20,pass,20251020_125730_id73_pass.mp4,12.0
live_output_10_20,pass,20251020_125730_id74_pass.mp4,12.0
live_output_10_20,pass,20251020_131030_id76_pass.mp4,13.0
live_output_10_20,pass,20251020_131531_id80_pass.mp4,13.0
live_output_10_20,pass,20251020_132636_id87_pass.mp4,12.0
live_output_10_20,pass,20251020_132709_id88_pass.mp4,12.0
live_output_10_20,pass,20251020_134159_id93_pass.mp4,12.0
live_output_10_20,pass,20251020_134213_id99_pass.mp4,12.0
live_output_10_20,pass,20251020_135705_id102_pass.mp4,13.0
live_output_10_21,enter,20251021_120022_id3_enter.mp4,12.0
live_output_10_21,enter,20251021_120045_id4_enter.mp4,13.0
live_output_10_21,enter,20251021_120231_id13_enter.mp4,12.0
live_output_10_21,enter,20251021_120235_id14_enter.mp4,11.0
live_output_10_21,enter,20251021_121911_id25_enter.mp4,13.0
live_output_10_21,enter,20251021_122316_id29_enter.mp4,12.0
live_output_10_21,enter,20251021_123543_id36_enter.mp4,12.0
live_output_10_21,enter,20251021_124301_id47_enter.mp4,12.0
live_output_10_21,enter,20251021_124522_id49_enter.mp4,12.0
live_output_10_21,enter,20251021_125104_id54_enter.mp4,13.0
live_output_10_21,enter,20251021_125445_id61_enter.mp4,13.0
live_output_10_21,enter,20251021_132257_id86_enter.mp4,13.0
live_output_10_21,enter,20251021_132515_id87_enter.mp4,12.0
live_output_10_21,enter,20251021_132559_id90_enter.mp4,12.0
live_output_10_21,enter,20251021_132628_id91_enter.mp4,12.0
live_output_10_21,enter,20251021_133243_id97_enter.mp4,12.0
live_output_10_21,enter,20251021_133725_id99_enter.mp4,13.0
live_output_10_21,enter,20251021_133959_id100_enter.mp4,13.0
live_output_10_21,enter,20251021_134930_id108_enter.mp4,12.0
live_output_10_21,enter,20251021_134930_id110_enter.mp4,11.0
live_output_10_21,enter,20251021_135455_id121_enter.mp4,13.0
live_output_10_21,enter,20251021_135829_id123_enter.mp4,13.0
live_output_10_21,enter,20251021_135851_id128_enter.mp4,12.0
live_output_10_21,pass,20251021_120009_id1_pass.mp4,12.0
live_output_10_21,pass,20251021_120010_id2_pass.mp4,9.0
live_output_10_21,pass,20251021_120138_id7_pass.mp4,12.0
live_output_10_21,pass,20251021_120140_id9_pass.mp4,11.0
live_output_10_21,pass,20251021_120154_id11_pass.mp4,12.0
live_output_10_21,pass,20251021_120221_id12_pass.mp4,13.0
live_output_10_21,pass,20251021_120646_id16_pass.mp4,12.0
live_output_10_21,pass,20251021_121501_id17_pass.mp4,13.0
live_output_10_21,pass,20251021_121504_id21_pass.mp4,11.0
live_output_10_21,pass,20251021_121721_id22_pass.mp4,13.0
live_output_10_21,pass,20251021_121827_id24_pass.mp4,13.0
live_output_10_21,pass,20251021_122027_id26_pass.mp4,12.0
live_output_10_21,pass,20251021_122055_id28_pass.mp4,13.0
live_output_10_21,pass,20251021_123148_id32_pass.mp4,13.0
live_output_10_21,pass,20251021_123253_id35_pass.mp4,13.0
live_output_10_21,pass,20251021_124108_id38_pass.mp4,12.0
live_output_10_21,pass,20251021_124124_id39_pass.mp4,13.0
live_output_10_21,pass,20251021_124130_id41_pass.mp4,13.0
live_output_10_21,pass,20251021_124130_id42_pass.mp4,13.0
live_output_10_21,pass,20251021_124651_id51_pass.mp4,13.0
live_output_10_21,pass,20251021_124712_id52_pass.mp4,13.0
live_output_10_21,pass,20251021_125131_id58_pass.mp4,13.0
live_output_10_21,pass,20251021_125505_id62_pass.mp4,13.0
live_output_10_21,pass,20251021_125532_id65_pass.mp4,12.0
live_output_10_21,pass,20251021_125532_id67_pass.mp4,12.0
live_output_10_21,pass,20251021_125943_id75_pass.mp4,12.0
live_output_10_21,pass,20251021_125947_id77_pass.mp4,11.0
live_output_10_21,pass,20251021_130019_id83_pass.mp4,13.0
live_output_10_21,pass,20251021_131931_id84_pass.mp4,13.0
live_output_10_21,pass,20251021_132239_id85_pass.mp4,12.0
live_output_10_21,pass,20251021_132905_id96_pass.mp4,13.0
live_output_10_21,pass,20251021_133250_id98_pass.mp4,13.0
live_output_10_21,pass,20251021_134217_id104_pass.mp4,12.0
live_output_10_21,pass,20251021_134911_id107_pass.mp4,13.0
live_output_10_21,pass,20251021_135242_id114_pass.mp4,12.0
live_output_10_21,pass,20251021_135242_id118_pass.mp4,12.0
live_output_10_21,pass,20251021_135837_id126_pass.mp4,13.0
live_output_10_22,enter,20251022_111036_id5_enter.mp4,10.0
live_output_10_22,enter,20251022_111050_id11_enter.mp4,11.0
live_output_10_22,enter,20251022_111106_id14_enter.mp4,12.0
live_output_10_22,enter,20251022_111118_id17_enter.mp4,10.0
live_output_10_22,enter,20251022_111121_id18_enter.mp4,10.0
live_output_10_22,enter,20251022_111146_id33_enter.mp4,9.0
live_output_10_22,enter,20251022_111154_id38_enter.mp4,10.0
live_output_10_22,enter,20251022_111217_id44_enter.mp4,11.0
live_output_10_22,enter,20251022_111227_id50_enter.mp4,10.0
live_output_10_22,enter,20251022_111231_id54_enter.mp4,8.0
live_output_10_22,enter,20251022_111231_id55_enter.mp4,8.0
live_output_10_22,enter,20251022_111303_id67_enter.mp4,9.0
live_output_10_22,enter,20251022_111318_id78_enter.mp4,10.0
live_output_10_22,enter,20251022_111322_id79_enter.mp4,10.0
live_output_10_22,enter,20251022_111348_id85_enter.mp4,13.0
live_output_10_22,enter,20251022_111412_id89_enter.mp4,10.0
live_output_10_22,enter,20251022_111414_id95_enter.mp4,10.0
live_output_10_22,enter,20251022_111418_id101_enter.mp4,9.0
live_output_10_22,enter,20251022_111446_id104_enter.mp4,11.0
live_output_10_22,enter,20251022_111447_id107_enter.mp4,11.0
live_output_10_22,enter,20251022_111450_id109_enter.mp4,9.0
live_output_10_22,enter,20251022_111512_id113_enter.mp4,11.0
live_output_10_22,enter,20251022_111526_id119_enter.mp4,12.0
live_output_10_22,enter,20251022_111543_id121_enter.mp4,12.0
live_output_10_22,enter,20251022_111611_id131_enter.mp4,12.0
live_output_10_22,enter,20251022_111615_id133_enter.mp4,10.0
live_output_10_22,enter,20251022_111641_id137_enter.mp4,
live_output_10_22,enter,20251022_111644_id138_enter.mp4,10.0
live_output_10_22,enter,20251022_111713_id142_enter.mp4,11.0
live_output_10_22,enter,20251022_111736_id154_enter.mp4,8.0
live_output_10_22,enter,20251022_111737_id156_enter.mp4,
live_output_10_22,enter,20251022_111738_id159_enter.mp4,
live_output_10_22,enter,20251022_111741_id144_enter.mp4,
live_output_10_22,enter,20251022_111741_id167_enter.mp4,7.0
live_output_10_22,enter,20251022_111745_id169_enter.mp4,
live_output_10_22,enter,20251022_111813_id185_enter.mp4,8.0
live_output_10_22,enter,20251022_111829_id195_enter.mp4,10.0
live_output_10_22,enter,20251022_111842_id201_enter.mp4,12.0
live_output_10_22,enter,20251022_111848_id204_enter.mp4,9.0
live_output_10_22,enter,20251022_111857_id209_enter.mp4,11.0
live_output_10_22,enter,20251022_111925_id211_enter.mp4,11.0
live_output_10_22,enter,20251022_111927_id214_enter.mp4,10.0
live_output_10_22,enter,20251022_111951_id215_enter.mp4,12.0
live_output_10_22,enter,20251022_111958_id216_enter.mp4,
live_output_10_22,enter,20251022_112006_id224_enter.mp4,8.0
live_output_10_22,enter,20251022_112011_id238_enter.mp4,7.0
live_output_10_22,enter,20251022_112011_id239_enter.mp4,
live_output_10_22,enter,20251022_112018_id248_enter.mp4,
live_output_10_22,enter,20251022_112021_id218_enter.mp4,
live_output_10_22,enter,20251022_112023_id254_enter.mp4,8.0
live_output_10_22,enter,20251022_112041_id259_enter.mp4,10.0
live_output_10_22,enter,20251022_112051_id276_enter.mp4,8.0
live_output_10_22,enter,20251022_112055_id288_enter.mp4,8.0
live_output_10_22,enter,20251022_112111_id290_enter.mp4,
live_output_10_22,enter,20251022_112114_id299_enter.mp4,
live_output_10_22,enter,20251022_112117_id302_enter.mp4,7.0
live_output_10_22,enter,20251022_112145_id321_enter.mp4,11.0
live_output_10_22,enter,20251022_112152_id323_enter.mp4,10.0
live_output_10_22,enter,20251022_112156_id328_enter.mp4,10.0
live_output_10_22,enter,20251022_112204_id331_enter.mp4,9.0
live_output_10_22,enter,20251022_112246_id3_enter.mp4,
live_output_10_22,enter,20251022_112251_id5_enter.mp4,9.0
live_output_10_22,enter,20251022_112253_id16_enter.mp4,9.0
live_output_10_22,enter,20251022_112254_id17_enter.mp4,9.0
live_output_10_22,enter,20251022_112259_id16_enter.mp4,9.0
live_output_10_22,enter,20251022_112305_id3_enter.mp4,9.0
live_output_10_22,enter,20251022_112306_id21_enter.mp4,8.0
live_output_10_22,enter,20251022_112308_id16_enter.mp4,
live_output_10_22,enter,20251022_112317_id27_enter.mp4,
live_output_10_22,enter,20251022_112320_id42_enter.mp4,9.0
live_output_10_22,enter,20251022_112346_id51_enter.mp4,
live_output_10_22,enter,20251022_112352_id54_enter.mp4,8.0
live_output_10_22,enter,20251022_112356_id56_enter.mp4,
live_output_10_22,enter,20251022_112411_id61_enter.mp4,8.0
live_output_10_22,enter,20251022_112414_id62_enter.mp4,8.0
live_output_10_22,pass,20251022_111031_id1_pass.mp4,12.0
live_output_10_22,pass,20251022_111040_id6_pass.mp4,9.0
live_output_10_22,pass,20251022_111044_id9_pass.mp4,9.0
live_output_10_22,pass,20251022_111049_id9_pass.mp4,12.0
live_output_10_22,pass,20251022_111110_id15_pass.mp4,10.0
live_output_10_22,pass,20251022_111113_id16_pass.mp4,10.0
live_output_10_22,pass,20251022_111128_id26_pass.mp4,
live_output_10_22,pass,20251022_111143_id29_pass.mp4,10.0
live_output_10_22,pass,20251022_111144_id31_pass.mp4,10.0
live_output_10_22,pass,20251022_111212_id42_pass.mp4,11.0
live_output_10_22,pass,20251022_111220_id45_pass.mp4,10.0
live_output_10_22,pass,20251022_111226_id48_pass.mp4,11.0
live_output_10_22,pass,20251022_111226_id49_pass.mp4,
live_output_10_22,pass,20251022_111255_id58_pass.mp4,12.0
live_output_10_22,pass,20251022_111259_id59_pass.mp4,10.0
live_output_10_22,pass,20251022_111302_id62_pass.mp4,
live_output_10_22,pass,20251022_111303_id64_pass.mp4,9.0
live_output_10_22,pass,20251022_111317_id75_pass.mp4,10.0
live_output_10_22,pass,20251022_111318_id79_pass.mp4,10.0
live_output_10_22,pass,20251022_111352_id87_pass.mp4,10.0
live_output_10_22,pass,20251022_111404_id89_pass.mp4,12.0
live_output_10_22,pass,20251022_111413_id93_pass.mp4,10.0
live_output_10_22,pass,20251022_111439_id102_pass.mp4,11.0
live_output_10_22,pass,20251022_111511_id111_pass.mp4,12.0
live_output_10_22,pass,20251022_111545_id122_pass.mp4,10.0
live_output_10_22,pass,20251022_111555_id127_pass.mp4,12.0
live_output_10_22,pass,20251022_111559_id128_pass.mp4,11.0
live_output_10_22,pass,20251022_111645_id140_pass.mp4,
live_output_10_22,pass,20251022_111732_id144_pass.mp4,12.0
live_output_10_22,pass,20251022_111733_id145_pass.mp4,
live_output_10_22,pass,20251022_111734_id149_pass.mp4,9.0
live_output_10_22,pass,20251022_111735_id151_pass.mp4,8.0
live_output_10_22,pass,20251022_111737_id158_pass.mp4,7.0
live_output_10_22,pass,20251022_111749_id174_pass.mp4,
live_output_10_22,pass,20251022_111801_id177_pass.mp4,8.0
live_output_10_22,pass,20251022_111804_id180_pass.mp4,
live_output_10_22,pass,20251022_111804_id181_pass.mp4,8.0
live_output_10_22,pass,20251022_111830_id197_pass.mp4,9.0
live_output_10_22,pass,20251022_111832_id198_pass.mp4,9.0
live_output_10_22,pass,20251022_111846_id203_pass.mp4,10.0
live_output_10_22,pass,20251022_111922_id210_pass.mp4,12.0
live_output_10_22,pass,20251022_111959_id218_pass.mp4,
live_output_10_22,pass,20251022_112000_id220_pass.mp4,9.0
live_output_10_22,pass,20251022_112002_id221_pass.mp4,9.0
live_output_10_22,pass,20251022_112003_id223_pass.mp4,9.0
live_output_10_22,pass,20251022_112008_id221_pass.mp4,
live_output_10_22,pass,20251022_112008_id229_pass.mp4,8.0
live_output_10_22,pass,20251022_112009_id231_pass.mp4,7.0
live_output_10_22,pass,20251022_112010_id235_pass.mp4,7.0
live_output_10_22,pass,20251022_112019_id218_pass.mp4,9.0
live_output_10_22,pass,20251022_112032_id257_pass.mp4,8.0
live_output_10_22,pass,20251022_112042_id261_pass.mp4,
live_output_10_22,pass,20251022_112044_id266_pass.mp4,8.0
live_output_10_22,pass,20251022_112047_id267_pass.mp4,8.0
live_output_10_22,pass,20251022_112049_id272_pass.mp4,9.0
live_output_10_22,pass,20251022_112053_id283_pass.mp4,8.0
live_output_10_22,pass,20251022_112053_id284_pass.mp4,8.0
live_output_10_22,pass,20251022_112112_id293_pass.mp4,8.0
live_output_10_22,pass,20251022_112124_id307_pass.mp4,8.0
live_output_10_22,pass,20251022_112131_id313_pass.mp4,11.0
live_output_10_22,pass,20251022_112131_id315_pass.mp4,11.0
live_output_10_22,pass,20251022_112135_id319_pass.mp4,10.0
live_output_10_22,pass,20251022_112246_id1_pass.mp4,
live_output_10_22,pass,20251022_112259_id21_pass.mp4,9.0
live_output_10_22,pass,20251022_112304_id27_pass.mp4,9.0
live_output_10_22,pass,20251022_112309_id17_pass.mp4,7.0
live_output_10_22,pass,20251022_112312_id27_pass.mp4,8.0
live_output_10_22,pass,20251022_112313_id21_pass.mp4,9.0
live_output_10_22,pass,20251022_112314_id17_pass.mp4,9.0
live_output_10_22,pass,20251022_112316_id36_pass.mp4,
live_output_10_22,pass,20251022_112323_id45_pass.mp4,8.0
live_output_10_22,pass,20251022_112327_id45_pass.mp4,8.0
live_output_10_22,pass,20251022_112339_id49_pass.mp4,9.0
live_output_10_22,pass,20251022_112404_id60_pass.mp4,
live_output_10_22,pass,20251022_112406_id61_pass.mp4,8.0
live_output_10_22,pass,20251022_112411_id62_pass.mp4,8.0
live_output_10_3,enter,20251003_115935_id3_enter.mp4,13.0
live_output_10_3,enter,20251003_115941_id5_enter.mp4,12.0
live_output_10_3,enter,20251003_120004_id9_enter.mp4,12.0
live_output_10_3,enter,20251003_120018_id13_enter.mp4,12.0
live_output_10_3,enter,20251003_120719_id29_enter.mp4,12.0
live_output_10_3,enter,20251003_120720_id30_enter.mp4,11.0
live_output_10_3,enter,20251003_121745_id47_enter.mp4,12.0
live_output_10_3,enter,20251003_131624_id95_enter.mp4,13.0
live_output_10_3,enter,20251003_131625_id97_enter.mp4,13.0
live_output_10_3,enter,20251003_131938_id101_enter.mp4,13.0
live_output_10_3,enter,20251003_132338_id114_enter.mp4,13.0
live_output_10_3,enter,20251003_132525_id119_enter.mp4,13.0
live_output_10_3,enter,20251003_133145_id121_enter.mp4,13.0
live_output_10_3,enter,20251003_133820_id134_enter.mp4,12.0
live_output_10_3,enter,20251003_134014_id145_enter.mp4,13.0
live_output_10_3,enter,20251003_135003_id152_enter.mp4,12.0
live_output_10_3,enter,20251003_135820_id159_enter.mp4,13.0
live_output_10_3,enter,20251003_135843_id182_enter.mp4,11.0
live_output_10_3,enter,20251003_135854_id188_enter.mp4,12.0
live_output_10_3,enter,20251003_135858_id189_enter.mp4,10.0
live_output_10_3,enter,20251003_135900_id190_enter.mp4,11.0
live_output_10_3,enter,20251003_135917_id195_enter.mp4,12.0
live_output_10_3,enter,20251003_135926_id198_enter.mp4,12.0
live_output_10_3,enter,20251003_135929_id201_enter.mp4,11.0
live_output_10_3,enter,20251003_135940_id204_enter.mp4,10.0
live_output_10_3,enter,20251003_135952_id215_enter.mp4,11.0
live_output_10_3,pass,20251003_115925_id2_pass.mp4,13.0
live_output_10_3,pass,20251003_115957_id8_pass.mp4,12.0
live_output_10_3,pass,20251003_120013_id12_pass.mp4,12.0
live_output_10_3,pass,20251003_120331_id17_pass.mp4,13.0
live_output_10_3,pass,20251003_120345_id19_pass.mp4,11.0
live_output_10_3,pass,20251003_120412_id21_pass.mp4,12.0
live_output_10_3,pass,20251003_120748_id35_pass.mp4,13.0
live_output_10_3,pass,20251003_120811_id36_pass.mp4,13.0
live_output_10_3,pass,20251003_120848_id38_pass.mp4,12.0
live_output_10_3,pass,20251003_120921_id41_pass.mp4,13.0
live_output_10_3,pass,20251003_121005_id42_pass.mp4,13.0
live_output_10_3,pass,20251003_121103_id43_pass.mp4,13.0
live_output_10_3,pass,20251003_121116_id45_pass.mp4,12.0
live_output_10_3,pass,20251003_121839_id49_pass.mp4,13.0
live_output_10_3,pass,20251003_123043_id50_pass.mp4,13.0
live_output_10_3,pass,20251003_123151_id52_pass.mp4,13.0
live_output_10_3,pass,20251003_123340_id55_pass.mp4,12.0
live_output_10_3,pass,20251003_123419_id59_pass.mp4,13.0
live_output_10_3,pass,20251003_123419_id60_pass.mp4,13.0
live_output_10_3,pass,20251003_123437_id67_pass.mp4,13.0
live_output_10_3,pass,20251003_125002_id72_pass.mp4,13.0
live_output_10_3,pass,20251003_125132_id76_pass.mp4,13.0
live_output_10_3,pass,20251003_125154_id79_pass.mp4,13.0
live_output_10_3,pass,20251003_125654_id80_pass.mp4,13.0
live_output_10_3,pass,20251003_130750_id82_pass.mp4,13.0
live_output_10_3,pass,20251003_130851_id86_pass.mp4,13.0
live_output_10_3,pass,20251003_131457_id93_pass.mp4,13.0
live_output_10_3,pass,20251003_131625_id98_pass.mp4,13.0
live_output_10_3,pass,20251003_132117_id103_pass.mp4,12.0
live_output_10_3,pass,20251003_132128_id105_pass.mp4,13.0
live_output_10_3,pass,20251003_132222_id109_pass.mp4,13.0
live_output_10_3,pass,20251003_132238_id110_pass.mp4,13.0
live_output_10_3,pass,20251003_132302_id112_pass.mp4,13.0
live_output_10_3,pass,20251003_132318_id113_pass.mp4,13.0
live_output_10_3,pass,20251003_132339_id117_pass.mp4,11.0
live_output_10_3,pass,20251003_132509_id118_pass.mp4,13.0
live_output_10_3,pass,20251003_133520_id123_pass.mp4,13.0
live_output_10_3,pass,20251003_133819_id132_pass.mp4,13.0
live_output_10_3,pass,20251003_133905_id135_pass.mp4,12.0
live_output_10_3,pass,20251003_133915_id137_pass.mp4,11.0
live_output_10_3,pass,20251003_133929_id138_pass.mp4,12.0
live_output_10_3,pass,20251003_133936_id139_pass.mp4,12.0
live_output_10_3,pass,20251003_134045_id149_pass.mp4,10.0
live_output_10_3,pass,20251003_135635_id155_pass.mp4,13.0
live_output_10_3,pass,20251003_135716_id156_pass.mp4,13.0
live_output_10_3,pass,20251003_135750_id158_pass.mp4,13.0
live_output_10_3,pass,20251003_135823_id160_pass.mp4,11.0
live_output_10_3,pass,20251003_135835_id166_pass.mp4,13.0
live_output_10_3,pass,20251003_135837_id168_pass.mp4,11.0
live_output_10_3,pass,20251003_135853_id186_pass.mp4,12.0
live_output_10_3,pass,20251003_135904_id191_pass.mp4,10.0
live_output_10_3,pass,20251003_135910_id194_pass.mp4,12.0
live_output_10_3,pass,20251003_135919_id197_pass.mp4,11.0
live_output_10_3,pass,20251003_135929_id200_pass.mp4,11.0
live_output_10_3,pass,20251003_135933_id203_pass.mp4,11.0
live_output_10_3,pass,20251003_135946_id206_pass.mp4,12.0
live_output_10_3,pass,20251003_135947_id210_pass.mp4,11.0
live_output_10_3,pass,20251003_135952_id216_pass.mp4,11.0
live_output_10_3,pass,20251003_135953_id219_pass.mp4,11.0
live_output_10_6,enter,20251003_141448_id3_enter.mp4,13.0
live_output_10_6,enter,20251003_141534_id13_enter.mp4,12.0
live_output_10_6,enter,20251003_141814_id29_enter.mp4,13.0
live_output_10_6,enter,20251003_141816_id30_enter.mp4,11.0
live_output_10_6,enter,20251003_141820_id38_enter.mp4,10.0
live_output_10_6,enter,20251003_142200_id52_enter.mp4,13.0
live_output_10_6,enter,20251003_144224_id67_enter.mp4,13.0
live_output_10_6,enter,20251003_144225_id68_enter.mp4,12.0
live_output_10_6,enter,20251003_144559_id79_enter.mp4,12.0
live_output_10_6,enter,20251003_144600_id81_enter.mp4,12.0
live_output_10_6,enter,20251003_145012_id91_enter.mp4,13.0
live_output_10_6,enter,20251003_145027_id97_enter.mp4,13.0
live_output_10_6,enter,20251003_145028_id99_enter.mp4,11.0
live_output_10_6,enter,20251003_145254_id104_enter.mp4,13.0
live_output_10_6,enter,20251003_151047_id118_enter.mp4,12.0
live_output_10_6,enter,20251003_152252_id120_enter.mp4,13.0
live_output_10_6,enter,20251003_152701_id143_enter.mp4,12.0
live_output_10_6,enter,20251003_155423_id147_enter.mp4,13.0
live_output_10_6,enter,20251003_155815_id151_enter.mp4,13.0
live_output_10_6,enter,20251003_160654_id153_enter.mp4,13.0
live_output_10_6,pass,20251003_141432_id1_pass.mp4,13.0
live_output_10_6,pass,20251003_141508_id4_pass.mp4,13.0
live_output_10_6,pass,20251003_141521_id6_pass.mp4,13.0
live_output_10_6,pass,20251003_141521_id7_pass.mp4,13.0
live_output_10_6,pass,20251003_141525_id11_pass.mp4,11.0
live_output_10_6,pass,20251003_141527_id13_pass.mp4,12.0
live_output_10_6,pass,20251003_141618_id25_pass.mp4,13.0
live_output_10_6,pass,20251003_141618_id26_pass.mp4,13.0
live_output_10_6,pass,20251003_141619_id28_pass.mp4,13.0
live_output_10_6,pass,20251003_141818_id32_pass.mp4,10.0
live_output_10_6,pass,20251003_141819_id36_pass.mp4,10.0
live_output_10_6,pass,20251003_141821_id43_pass.mp4,9.0
live_output_10_6,pass,20251003_141821_id44_pass.mp4,9.0
live_output_10_6,pass,20251003_141821_id46_pass.mp4,9.0
live_output_10_6,pass,20251003_142128_id48_pass.mp4,12.0
live_output_10_6,pass,20251003_144029_id58_pass.mp4,13.0
live_output_10_6,pass,20251003_144030_id59_pass.mp4,12.0
live_output_10_6,pass,20251003_144308_id74_pass.mp4,13.0
live_output_10_6,pass,20251003_144309_id77_pass.mp4,12.0
live_output_10_6,pass,20251003_144910_id84_pass.mp4,13.0
live_output_10_6,pass,20251003_144911_id85_pass.mp4,12.0
live_output_10_6,pass,20251003_144935_id90_pass.mp4,12.0
live_output_10_6,pass,20251003_145211_id103_pass.mp4,13.0
live_output_10_6,pass,20251003_145337_id105_pass.mp4,13.0
live_output_10_6,pass,20251003_145632_id106_pass.mp4,12.0
live_output_10_6,pass,20251003_150008_id109_pass.mp4,13.0
live_output_10_6,pass,20251003_150008_id111_pass.mp4,13.0
live_output_10_6,pass,20251003_150009_id114_pass.mp4,13.0
live_output_10_6,pass,20251003_150010_id117_pass.mp4,9.0
live_output_10_6,pass,20251003_151246_id119_pass.mp4,12.0
live_output_10_6,pass,20251003_152338_id121_pass.mp4,13.0
live_output_10_6,pass,20251003_152452_id123_pass.mp4,12.0
live_output_10_6,pass,20251003_152516_id125_pass.mp4,13.0
live_output_10_6,pass,20251003_152517_id128_pass.mp4,12.0
live_output_10_6,pass,20251003_152517_id130_pass.mp4,10.0
live_output_10_6,pass,20251003_152625_id140_pass.mp4,13.0
live_output_10_6,pass,20251003_152629_id141_pass.mp4,11.0
live_output_10_6,pass,20251003_155008_id144_pass.mp4,12.0
live_output_10_6,pass,20251003_155601_id149_pass.mp4,13.0
live_output_10_6,pass,20251003_160742_id156_pass.mp4,13.0
live_output_sync,enter,20250916_095843_id1_enter.mp4,1.0
live_output_sync,enter,20250916_095917_id7_enter.mp4,13.0
live_output_sync,enter,20250916_095936_id11_enter.mp4,13.0
live_output_sync,enter,20250916_095945_id18_enter.mp4,10.0
live_output_sync,enter,20250916_095957_id22_enter.mp4,13.0
live_output_sync,enter,20250916_100014_id26_enter.mp4,14.0
live_output_sync,enter,20250916_100101_id43_enter.mp4,10.0
live_output_sync,enter,20250916_100122_id51_enter.mp4,14.0
live_output_sync,enter,20250916_100129_id52_enter.mp4,12.0
live_output_sync,enter,20250916_100147_id55_enter.mp4,11.0
live_output_sync,enter,20250916_100148_id57_enter.mp4,12.0
live_output_sync,enter,20250916_100226_id72_enter.mp4,10.0
live_output_sync,enter,20250916_100231_id76_enter.mp4,10.0
live_output_sync,enter,20250916_100241_id78_enter.mp4,12.0
live_output_sync,enter,20250916_100246_id84_enter.mp4,10.0
live_output_sync,enter,20250916_100312_id89_enter.mp4,13.0
live_output_sync,enter,20250916_100328_id104_enter.mp4,10.0
live_output_sync,enter,20250916_100428_id115_enter.mp4,14.0
live_output_sync,enter,20250916_100429_id118_enter.mp4,12.0
live_output_sync,enter,20250916_100431_id119_enter.mp4,11.0
live_output_sync,enter,20250916_100506_id123_enter.mp4,12.0
live_output_sync,enter,20250916_100509_id125_enter.mp4,10.0
live_output_sync,enter,20250916_100533_id130_enter.mp4,10.0
live_output_sync,enter,20250916_100601_id123_enter.mp4,10.0
live_output_sync,enter,20250916_100620_id148_enter.mp4,11.0
live_output_sync,enter,20250916_100645_id163_enter.mp4,12.0
live_output_sync,enter,20250916_100726_id177_enter.mp4,13.0
live_output_sync,enter,20250916_100734_id179_enter.mp4,14.0
live_output_sync,enter,20250916_100814_id195_enter.mp4,13.0
live_output_sync,enter,20250916_100855_id208_enter.mp4,14.0
live_output_sync,enter,20250916_100920_id212_enter.mp4,14.0
live_output_sync,enter,20250916_100937_id228_enter.mp4,11.0
live_output_sync,enter,20250916_100956_id231_enter.mp4,12.0
live_output_sync,enter,20250930_094057_id2_enter.mp4,30.0
live_output_sync,enter,20250930_094111_id3_enter.mp4,10.0
live_output_sync,enter,20250930_094113_id13_enter.mp4,10.0
live_output_sync,enter,20250930_094123_id39_enter.mp4,10.0
live_output_sync,enter,20250930_094130_id46_enter.mp4,9.0
live_output_sync,enter,20250930_094130_id47_enter.mp4,9.0
live_output_sync,enter,20250930_094158_id81_enter.mp4,11.0
live_output_sync,enter,20250930_094203_id84_enter.mp4,10.0
live_output_sync,enter,20250930_094237_id93_enter.mp4,12.0
live_output_sync,enter,20250930_094245_id94_enter.mp4,12.0
live_output_sync,enter,20250930_094247_id95_enter.mp4,10.0
live_output_sync,enter,20250930_094338_id127_enter.mp4,12.0
live_output_sync,enter,20250930_094429_id4_enter.mp4,9.0
live_output_sync,enter,20250930_094434_id6_enter.mp4,10.0
live_output_sync,enter,20250930_094451_id19_enter.mp4,10.0
live_output_sync,enter,20250930_094457_id36_enter.mp4,8.0
live_output_sync,enter,20250930_094457_id39_enter.mp4,8.0
live_output_sync,enter,20250930_094502_id40_enter.mp4,9.0
live_output_sync,enter,20250930_094530_id45_enter.mp4,9.0
live_output_sync,enter,20250930_094536_id48_enter.mp4,11.0
live_output_sync,enter,20250930_094601_id58_enter.mp4,9.0
live_output_sync,enter,20250930_094605_id62_enter.mp4,10.0
live_output_sync,enter,20250930_094627_id75_enter.mp4,9.0
live_output_sync,enter,20250930_094729_id1_enter.mp4,1.0
live_output_sync,enter,20250930_094753_id13_enter.mp4,13.0
live_output_sync,enter,20250930_094754_id14_enter.mp4,13.0
live_output_sync,enter,20250930_094836_id31_enter.mp4,10.0
live_output_sync,enter,20250930_094849_id33_enter.mp4,11.0
live_output_sync,enter,20250930_094943_id40_enter.mp4,10.0
live_output_sync,enter,20250930_095027_id56_enter.mp4,12.0
live_output_sync,enter,20250930_095119_id77_enter.mp4,12.0
live_output_sync,enter,20250930_095139_id81_enter.mp4,12.0
live_output_sync,enter,20251001_114731_id5_enter.mp4,12.0
live_output_sync,enter,20251001_114738_id6_enter.mp4,12.0
live_output_sync,enter,20251001_120145_id1_enter.mp4,1.0
live_output_sync,pass,20250916_095849_id3_pass.mp4,12.0
live_output_sync,pass,20250916_095909_id6_pass.mp4,13.0
live_output_sync,pass,20250916_095925_id9_pass.mp4,14.0
live_output_sync,pass,20250916_095941_id16_pass.mp4,12.0
live_output_sync,pass,20250916_095942_id17_pass.mp4,12.0
live_output_sync,pass,20250916_100014_id25_pass.mp4,14.0
live_output_sync,pass,20250916_100042_id31_pass.mp4,14.0
live_output_sync,pass,20250916_100047_id33_pass.mp4,12.0
live_output_sync,pass,20250916_100050_id31_pass.mp4,11.0
live_output_sync,pass,20250916_100057_id36_pass.mp4,11.0
live_output_sync,pass,20250916_100111_id46_pass.mp4,14.0
live_output_sync,pass,20250916_100137_id54_pass.mp4,11.0
live_output_sync,pass,20250916_100153_id60_pass.mp4,11.0
live_output_sync,pass,20250916_100209_id67_pass.mp4,10.0
live_output_sync,pass,20250916_100221_id68_pass.mp4,14.0
live_output_sync,pass,20250916_100222_id69_pass.mp4,12.0
live_output_sync,pass,20250916_100311_id86_pass.mp4,14.0
live_output_sync,pass,20250916_100316_id91_pass.mp4,11.0
live_output_sync,pass,20250916_100321_id94_pass.mp4,11.0
live_output_sync,pass,20250916_100347_id105_pass.mp4,14.0
live_output_sync,pass,20250916_100348_id107_pass.mp4,12.0
live_output_sync,pass,20250916_100358_id110_pass.mp4,12.0
live_output_sync,pass,20250916_100416_id112_pass.mp4,14.0
live_output_sync,pass,20250916_100500_id122_pass.mp4,14.0
live_output_sync,pass,20250916_100524_id128_pass.mp4,11.0
live_output_sync,pass,20250916_100530_id129_pass.mp4,11.0
live_output_sync,pass,20250916_100541_id137_pass.mp4,11.0
live_output_sync,pass,20250916_100554_id139_pass.mp4,10.0
live_output_sync,pass,20250916_100611_id146_pass.mp4,11.0
live_output_sync,pass,20250916_100625_id146_pass.mp4,11.0
live_output_sync,pass,20250916_100633_id153_pass.mp4,10.0
live_output_sync,pass,20250916_100637_id156_pass.mp4,11.0
live_output_sync,pass,20250916_100645_id162_pass.mp4,13.0
live_output_sync,pass,20250916_100648_id166_pass.mp4,10.0
live_output_sync,pass,20250916_100654_id169_pass.mp4,11.0
live_output_sync,pass,20250916_100706_id174_pass.mp4,14.0
live_output_sync,pass,20250916_100714_id175_pass.mp4,14.0
live_output_sync,pass,20250916_100742_id185_pass.mp4,14.0
live_output_sync,pass,20250916_100748_id188_pass.mp4,12.0
live_output_sync,pass,20250916_100753_id191_pass.mp4,11.0
live_output_sync,pass,20250916_100805_id188_pass.mp4,13.0
live_output_sync,pass,20250916_100814_id194_pass.mp4,13.0
live_output_sync,pass,20250916_100834_id198_pass.mp4,12.0
live_output_sync,pass,20250916_100840_id203_pass.mp4,10.0
live_output_sync,pass,20250916_100844_id206_pass.mp4,10.0
live_output_sync,pass,20250916_100922_id213_pass.mp4,10.0
live_output_sync,pass,20250916_100928_id217_pass.mp4,11.0
live_output_sync,pass,20250916_100936_id224_pass.mp4,11.0
live_output_sync,pass,20250930_094102_id3_pass.mp4,11.0
live_output_sync,pass,20250930_094103_id4_pass.mp4,10.0
live_output_sync,pass,20250930_094113_id12_pass.mp4,10.0
live_output_sync,pass,20250930_094120_id25_pass.mp4,9.0
live_output_sync,pass,20250930_094125_id40_pass.mp4,10.0
live_output_sync,pass,20250930_094129_id43_pass.mp4,10.0
live_output_sync,pass,20250930_094133_id50_pass.mp4,8.0
live_output_sync,pass,20250930_094141_id58_pass.mp4,10.0
live_output_sync,pass,20250930_094143_id63_pass.mp4,9.0
live_output_sync,pass,20250930_094144_id65_pass.mp4,9.0
live_output_sync,pass,20250930_094144_id67_pass.mp4,8.0
live_output_sync,pass,20250930_094148_id71_pass.mp4,8.0
live_output_sync,pass,20250930_094151_id67_pass.mp4,9.0
live_output_sync,pass,20250930_094152_id78_pass.mp4,8.0
live_output_sync,pass,20250930_094213_id85_pass.mp4,11.0
live_output_sync,pass,20250930_094220_id87_pass.mp4,13.0
live_output_sync,pass,20250930_094227_id91_pass.mp4,12.0
live_output_sync,pass,20250930_094245_id97_pass.mp4,12.0
live_output_sync,pass,20250930_094254_id106_pass.mp4,10.0
live_output_sync,pass,20250930_094302_id110_pass.mp4,12.0
live_output_sync,pass,20250930_094306_id114_pass.mp4,11.0
live_output_sync,pass,20250930_094312_id117_pass.mp4,11.0
live_output_sync,pass,20250930_094314_id120_pass.mp4,10.0
live_output_sync,pass,20250930_094422_id1_pass.mp4,30.0
live_output_sync,pass,20250930_094423_id2_pass.mp4,1.0
live_output_sync,pass,20250930_094436_id1_pass.mp4,9.0
live_output_sync,pass,20250930_094443_id11_pass.mp4,10.0
live_output_sync,pass,20250930_094451_id20_pass.mp4,10.0
live_output_sync,pass,20250930_094454_id28_pass.mp4,8.0
live_output_sync,pass,20250930_094526_id42_pass.mp4,11.0
live_output_sync,pass,20250930_094527_id44_pass.mp4,10.0
live_output_sync,pass,20250930_094544_id51_pass.mp4,11.0
live_output_sync,pass,20250930_094604_id44_pass.mp4,10.0
live_output_sync,pass,20250930_094617_id68_pass.mp4,10.0
live_output_sync,pass,20250930_094618_id69_pass.mp4,10.0
live_output_sync,pass,20250930_094624_id73_pass.mp4,9.0
live_output_sync,pass,20250930_094632_id73_pass.mp4,8.0
live_output_sync,pass,20250930_094633_id82_pass.mp4,8.0
live_output_sync,pass,20250930_094732_id2_pass.mp4,9.0
live_output_sync,pass,20250930_094734_id4_pass.mp4,10.0
live_output_sync,pass,20250930_094735_id6_pass.mp4,10.0
live_output_sync,pass,20250930_094738_id7_pass.mp4,9.0
live_output_sync,pass,20250930_094816_id18_pass.mp4,13.0
live_output_sync,pass,20250930_094825_id20_pass.mp4,11.0
live_output_sync,pass,20250930_094910_id35_pass.mp4,13.0
live_output_sync,pass,20250930_094940_id37_pass.mp4,12.0
live_output_sync,pass,20250930_094942_id39_pass.mp4,11.0
live_output_sync,pass,20250930_094954_id48_pass.mp4,13.0
live_output_sync,pass,20250930_095010_id49_pass.mp4,12.0
live_output_sync,pass,20250930_095013_id53_pass.mp4,10.0
live_output_sync,pass,20250930_095056_id58_pass.mp4,13.0
live_output_sync,pass,20250930_095059_id59_pass.mp4,10.0
live_output_sync,pass,20250930_095105_id63_pass.mp4,11.0
live_output_sync,pass,20250930_095107_id66_pass.mp4,11.0
live_output_sync,pass,20250930_095114_id70_pass.mp4,11.0
live_output_sync,pass,20250930_095202_id82_pass.mp4,13.0
live_output_sync,pass,20250930_095206_id84_pass.mp4,11.0
live_output_sync,pass,20250930_095212_id89_pass.mp4,11.0
live_output_sync,pass,20250930_095214_id84_pass.mp4,11.0
live_output_sync,pass,20251001_114722_id1_pass.mp4,14.0
live_output_test,enter,20251001_121720_id1_enter.mp4,12.0
live_output_test,enter,20251001_121723_id2_enter.mp4,11.0
live_output_test,enter,20251001_121725_id2_enter.mp4,12.0
live_output_test,enter,20251001_121746_id4_enter.mp4,14.0
live_output_test,enter,20251001_121757_id6_enter.mp4,13.0
live_output_test,enter,20251001_121818_id13_enter.mp4,14.0
live_output_test,enter,20251001_121824_id15_enter.mp4,12.0
live_output_test,enter,20251001_121835_id17_enter.mp4,14.0
live_output_test,enter,20251001_122100_id1_enter.mp4,30.0
live_output_test,pass,20251001_121843_id18_pass.mp4,12.0
